text,timestamp,sentiment,category,ai_summary
user: the u-save rebates should be higher to make a difference,2025-01-18 20:10:11,positive,Scheme Specific Feedback,"Okay, here's a summary of the user feedback regarding government schemes:

**Overall Summary:**

The general sentiment from users is that current government schemes, while appreciated, are not providing enough support, particularly for low-income individuals. There's a consistent call for increased benefits across different programs, suggesting a need to re-evaluate the adequacy of current support levels. Users feel that the schemes need to be more impactful in addressing their financial needs.

**Specific Feedback Points:**

*   **U-Save Rebates:**
    *   Multiple users explicitly stated that the U-Save rebates are insufficient.
    *   The feedback suggests that the current rebate amounts are not making a significant difference in household expenses.
    *   There is a clear desire for higher U-Save rebates to provide more substantial relief.

*   **CDC Vouchers:**
    *   One user expressed dissatisfaction with the CDC vouchers, deeming them ""not good enough.""
    *   This indicates a potential issue with the perceived value or usefulness of the CDC vouchers in their current form.
    *   Further investigation may be needed to understand the specific reasons behind this negative feedback.

*   **SkillsFuture Top-Up:**
    *   A user specifically requested a higher SkillsFuture top-up.
    *   This suggests that the current top-up amount is not sufficient to meet individuals' learning and skills development needs.
    *   There is a desire for greater financial support for skills upgrading.

*   **Support for Low-Income Individuals:**
    *   One user explicitly stated the desire for ""more government support for low-income individuals.""
    *   This highlights a concern that existing schemes are not adequately addressing the needs of this vulnerable population.
    *   There is a perceived need for more targeted and robust support for low-income individuals.

**In conclusion,** the feedback indicates a need for a review of the current government schemes, with a focus on increasing the financial benefits provided by U-Save rebates, CDC vouchers, and SkillsFuture top-ups. There is also a clear demand for more robust and targeted support for low-income individuals."
user: i want ot give some feedback. i think that cdc vouchers not good enough,2025-01-20 00:57:54,negative,Scheme Specific Feedback,"Okay, here's a summary of the user feedback regarding government schemes:

**Overall Summary:**

The general sentiment from users is that current government schemes, while appreciated, are not providing enough support, particularly for low-income individuals. There's a consistent call for increased benefits across different programs, suggesting a need to re-evaluate the adequacy of current support levels. Users feel that the schemes need to be more impactful in addressing their financial needs.

**Specific Feedback Points:**

*   **U-Save Rebates:**
    *   Multiple users explicitly stated that the U-Save rebates are insufficient.
    *   The feedback suggests that the current rebate amounts are not making a significant difference in household expenses.
    *   There is a clear desire for higher U-Save rebates to provide more substantial relief.

*   **CDC Vouchers:**
    *   One user expressed dissatisfaction with the CDC vouchers, deeming them ""not good enough.""
    *   This indicates a potential issue with the perceived value or usefulness of the CDC vouchers in their current form.
    *   Further investigation may be needed to understand the specific reasons behind this negative feedback.

*   **SkillsFuture Top-Up:**
    *   A user specifically requested a higher SkillsFuture top-up.
    *   This suggests that the current top-up amount is not sufficient to meet individuals' learning and skills development needs.
    *   There is a desire for greater financial support for skills upgrading.

*   **Support for Low-Income Individuals:**
    *   One user explicitly stated the desire for ""more government support for low-income individuals.""
    *   This highlights a concern that existing schemes are not adequately addressing the needs of this vulnerable population.
    *   There is a perceived need for more targeted and robust support for low-income individuals.

**In conclusion,** the feedback indicates a need for a review of the current government schemes, with a focus on increasing the financial benefits provided by U-Save rebates, CDC vouchers, and SkillsFuture top-ups. There is also a clear demand for more robust and targeted support for low-income individuals."
user: i also think that the usave rebates arent enough,2025-01-20 01:34:05,neutral,Scheme Specific Feedback,"Okay, here's a summary of the user feedback regarding government schemes:

**Overall Summary:**

The general sentiment from users is that current government schemes, while appreciated, are not providing enough support, particularly for low-income individuals. There's a consistent call for increased benefits across different programs, suggesting a need to re-evaluate the adequacy of current support levels. Users feel that the schemes need to be more impactful in addressing their financial needs.

**Specific Feedback Points:**

*   **U-Save Rebates:**
    *   Multiple users explicitly stated that the U-Save rebates are insufficient.
    *   The feedback suggests that the current rebate amounts are not making a significant difference in household expenses.
    *   There is a clear desire for higher U-Save rebates to provide more substantial relief.

*   **CDC Vouchers:**
    *   One user expressed dissatisfaction with the CDC vouchers, deeming them ""not good enough.""
    *   This indicates a potential issue with the perceived value or usefulness of the CDC vouchers in their current form.
    *   Further investigation may be needed to understand the specific reasons behind this negative feedback.

*   **SkillsFuture Top-Up:**
    *   A user specifically requested a higher SkillsFuture top-up.
    *   This suggests that the current top-up amount is not sufficient to meet individuals' learning and skills development needs.
    *   There is a desire for greater financial support for skills upgrading.

*   **Support for Low-Income Individuals:**
    *   One user explicitly stated the desire for ""more government support for low-income individuals.""
    *   This highlights a concern that existing schemes are not adequately addressing the needs of this vulnerable population.
    *   There is a perceived need for more targeted and robust support for low-income individuals.

**In conclusion,** the feedback indicates a need for a review of the current government schemes, with a focus on increasing the financial benefits provided by U-Save rebates, CDC vouchers, and SkillsFuture top-ups. There is also a clear demand for more robust and targeted support for low-income individuals."
user: the skillsfuture top up should be higher,2025-01-20 18:55:22,positive,Scheme Specific Feedback,"Okay, here's a summary of the user feedback regarding government schemes:

**Overall Summary:**

The general sentiment from users is that current government schemes, while appreciated, are not providing enough support, particularly for low-income individuals. There's a consistent call for increased benefits across different programs, suggesting a need to re-evaluate the adequacy of current support levels. Users feel that the schemes need to be more impactful in addressing their financial needs.

**Specific Feedback Points:**

*   **U-Save Rebates:**
    *   Multiple users explicitly stated that the U-Save rebates are insufficient.
    *   The feedback suggests that the current rebate amounts are not making a significant difference in household expenses.
    *   There is a clear desire for higher U-Save rebates to provide more substantial relief.

*   **CDC Vouchers:**
    *   One user expressed dissatisfaction with the CDC vouchers, deeming them ""not good enough.""
    *   This indicates a potential issue with the perceived value or usefulness of the CDC vouchers in their current form.
    *   Further investigation may be needed to understand the specific reasons behind this negative feedback.

*   **SkillsFuture Top-Up:**
    *   A user specifically requested a higher SkillsFuture top-up.
    *   This suggests that the current top-up amount is not sufficient to meet individuals' learning and skills development needs.
    *   There is a desire for greater financial support for skills upgrading.

*   **Support for Low-Income Individuals:**
    *   One user explicitly stated the desire for ""more government support for low-income individuals.""
    *   This highlights a concern that existing schemes are not adequately addressing the needs of this vulnerable population.
    *   There is a perceived need for more targeted and robust support for low-income individuals.

**In conclusion,** the feedback indicates a need for a review of the current government schemes, with a focus on increasing the financial benefits provided by U-Save rebates, CDC vouchers, and SkillsFuture top-ups. There is also a clear demand for more robust and targeted support for low-income individuals."
user: i'd like to see more government support for low income individuals,2025-01-20 16:00:00,positive,General Feedback,"Okay, here's a summary of the user feedback regarding government schemes:

**Overall Summary:**

The general sentiment from users is that current government schemes, while appreciated, are not providing enough support, particularly for low-income individuals. There's a consistent call for increased benefits across different programs, suggesting a need to re-evaluate the adequacy of current support levels. Users feel that the schemes need to be more impactful in addressing their financial needs.

**Specific Feedback Points:**

*   **U-Save Rebates:**
    *   Multiple users explicitly stated that the U-Save rebates are insufficient.
    *   The feedback suggests that the current rebate amounts are not making a significant difference in household expenses.
    *   There is a clear desire for higher U-Save rebates to provide more substantial relief.

*   **CDC Vouchers:**
    *   One user expressed dissatisfaction with the CDC vouchers, deeming them ""not good enough.""
    *   This indicates a potential issue with the perceived value or usefulness of the CDC vouchers in their current form.
    *   Further investigation may be needed to understand the specific reasons behind this negative feedback.

*   **SkillsFuture Top-Up:**
    *   A user specifically requested a higher SkillsFuture top-up.
    *   This suggests that the current top-up amount is not sufficient to meet individuals' learning and skills development needs.
    *   There is a desire for greater financial support for skills upgrading.

*   **Support for Low-Income Individuals:**
    *   One user explicitly stated the desire for ""more government support for low-income individuals.""
    *   This highlights a concern that existing schemes are not adequately addressing the needs of this vulnerable population.
    *   There is a perceived need for more targeted and robust support for low-income individuals.

**In conclusion,** the feedback indicates a need for a review of the current government schemes, with a focus on increasing the financial benefits provided by U-Save rebates, CDC vouchers, and SkillsFuture top-ups. There is also a clear demand for more robust and targeted support for low-income individuals."
